City_ID,City,Country,Date,Lat,Lng,Max Temp,Humidity,Cloudiness,Wind Speed
0,Esperance,AU,2022-03-31 17:58:42,-33.8667,121.9,64.24,79,100,19.06
1,Salalah,OM,2022-03-31 17:55:21,17.0151,54.0924,80.49,41,0,1.52
2,Pompeu,BR,2022-03-31 17:58:42,-19.2244,-44.9353,88.77,34,3,1.63
3,Omaruru,NA,2022-03-31 17:58:43,-21.4333,15.9333,75.83,55,90,4.83
4,Arraial Do Cabo,BR,2022-03-31 17:58:43,-22.9661,-42.0278,84.16,78,20,12.66
5,Gaoua,BF,2022-03-31 17:58:44,10.2992,-3.2508,96.96,26,74,6.58
6,Hilo,US,2022-03-31 17:57:12,19.7297,-155.09,75.61,92,1,1.01
7,Okoneshnikovo,RU,2022-03-31 17:58:44,54.8377,75.0834,34.34,86,100,15.39
8,Ribeira Grande,PT,2022-03-31 17:58:45,38.5167,-28.7,64.8,88,40,10.36
9,Polyarnyy,RU,2022-03-31 17:58:45,69.1989,33.4478,24.15,84,100,10.33
10,Kapaa,US,2022-03-31 17:55:35,22.0752,-159.319,75.18,91,12,3.0
11,Severo-Kurilsk,RU,2022-03-31 17:58:45,50.6789,156.125,29.34,88,92,18.7
12,Roald,NO,2022-03-31 17:58:46,62.5833,6.1333,37.0,80,0,2.3
13,Tecate,MX,2022-03-31 17:58:46,32.5667,-116.6333,59.54,83,56,6.89
14,Jamestown,US,2022-03-31 17:58:47,42.097,-79.2353,66.52,56,100,26.46
15,Nauta,PE,2022-03-31 17:58:47,-4.5061,-73.5757,89.49,56,95,2.95
16,Charters Towers,AU,2022-03-31 17:58:48,-20.1,146.2667,69.04,55,0,0.38
17,Yellowknife,CA,2022-03-31 17:57:48,62.456,-114.3525,17.42,79,100,10.36
18,Nikolskoye,RU,2022-03-31 17:58:48,59.7035,30.7861,28.29,94,53,1.99
19,Cape Town,ZA,2022-03-31 17:58:48,-33.9258,18.4232,66.34,73,28,5.99
20,Bredasdorp,ZA,2022-03-31 17:58:49,-34.5322,20.0403,62.22,66,94,5.99
21,Havre-Saint-Pierre,CA,2022-03-31 17:58:49,50.2334,-63.5986,37.76,60,0,8.05
22,Saskylakh,RU,2022-03-31 17:58:50,71.9167,114.0833,3.7,98,100,5.39
23,Punta Arenas,CL,2022-03-31 17:56:17,-53.15,-70.9167,53.71,47,75,24.16
24,Rikitea,PF,2022-03-31 17:58:50,-23.1203,-134.9692,77.74,68,60,16.98
25,La Rochelle,FR,2022-03-31 17:54:59,46.1667,-1.15,41.07,75,100,21.85
26,Ushuaia,AR,2022-03-31 17:57:13,-54.8,-68.3,51.42,62,40,11.5
27,Xining,CN,2022-03-31 17:58:51,36.6167,101.7667,35.73,74,99,6.33
28,Chokurdakh,RU,2022-03-31 17:58:51,70.6333,147.9167,-32.13,100,92,2.26
29,Upernavik,GL,2022-03-31 17:58:51,72.7868,-56.1549,17.58,96,100,12.3
30,Saldanha,ZA,2022-03-31 17:58:52,-33.0117,17.9442,64.45,75,49,24.63
31,Saint-Philippe,RE,2022-03-31 17:58:52,-21.3585,55.7679,78.39,72,75,14.63
32,Araxa,BR,2022-03-31 17:55:06,-19.5933,-46.9406,85.96,45,40,8.05
33,Meulaboh,ID,2022-03-31 17:58:53,4.1363,96.1285,77.52,84,98,2.33
34,Norman Wells,CA,2022-03-31 17:58:53,65.282,-126.8329,-14.76,58,20,20.71
35,Vaini,TO,2022-03-31 17:58:53,-21.2,-175.2,80.71,77,100,9.46
36,Neuquen,AR,2022-03-31 17:56:47,-38.9516,-68.0591,69.69,24,0,5.75
37,Bronnoysund,NO,2022-03-31 17:58:54,65.4625,12.1997,33.8,64,20,7.0
38,Talnakh,RU,2022-03-31 17:58:54,69.4865,88.3972,16.21,92,81,5.23
39,Airai,TL,2022-03-31 17:58:55,-8.9266,125.4092,56.71,85,4,2.01
40,Puerto Ayora,EC,2022-03-31 17:58:55,-0.7393,-90.3518,80.56,77,94,5.66
41,Atuona,PF,2022-03-31 17:58:56,-9.8,-139.0333,78.55,73,15,9.28
42,Ancud,CL,2022-03-31 17:58:56,-41.8697,-73.8203,62.22,60,99,4.5
43,Acapulco,MX,2022-03-31 17:57:43,16.8634,-99.8901,81.97,47,38,8.01
44,Kaitangata,NZ,2022-03-31 17:58:49,-46.2817,169.8464,47.71,73,100,5.12
45,Albany,US,2022-03-31 17:59:23,42.6001,-73.9662,58.26,80,88,1.99
46,Saint-Leu,RE,2022-03-31 17:59:57,-21.15,55.2833,77.86,70,69,10.51
47,San Quintin,MX,2022-03-31 17:59:57,30.4833,-115.95,62.96,64,87,16.51
48,Sitka,US,2022-03-31 17:59:58,57.0531,-135.33,40.89,75,75,4.61
49,Sept-Iles,CA,2022-03-31 17:59:58,50.2001,-66.3821,36.12,75,75,6.91
50,Puerto Cabezas,NI,2022-03-31 17:59:59,14.0351,-83.3888,85.96,79,75,9.22
51,New Norfolk,AU,2022-03-31 17:59:59,-42.7826,147.0587,54.9,66,70,2.35
52,Brigantine,US,2022-03-31 18:00:00,39.4101,-74.3646,67.03,90,100,24.72
53,Gallup,US,2022-03-31 18:00:00,35.5281,-108.7426,54.01,38,100,1.99
54,Busselton,AU,2022-03-31 18:00:01,-33.65,115.3333,70.16,69,1,10.36
55,Champerico,GT,2022-03-31 18:00:04,14.3,-91.9167,86.52,56,42,11.39
56,Cidreira,BR,2022-03-31 18:00:05,-30.1811,-50.2056,65.86,52,37,9.26
57,Ponta Do Sol,PT,2022-03-31 18:00:06,32.6667,-17.1,68.0,78,45,3.56
58,Barrow,US,2022-03-31 18:00:08,71.2906,-156.7887,-16.58,76,0,16.11
59,Kendari,ID,2022-03-31 17:56:33,-3.945,122.4989,75.18,94,97,4.09
60,Saint-Pierre,RE,2022-03-31 18:00:09,-21.3393,55.4781,78.48,69,0,18.41
61,Abu Dhabi,AE,2022-03-31 17:55:21,24.4667,54.3667,75.31,72,0,9.22
62,East London,ZA,2022-03-31 18:00:10,-33.0153,27.9116,68.41,90,100,2.82
63,Port Alfred,ZA,2022-03-31 18:00:11,-33.5906,26.891,64.18,92,100,1.99
64,Nantucket,US,2022-03-31 18:00:12,41.2835,-70.0995,59.11,86,96,26.02
65,Qorveh,IR,2022-03-31 18:00:13,35.1664,47.8045,49.01,57,23,1.9
66,Kefamenanu,ID,2022-03-31 18:00:14,-9.4467,124.4781,68.32,91,3,2.71
67,Codrington,AU,2022-03-31 18:00:15,-38.2667,141.9667,58.84,58,79,14.56
68,Bandarbeyla,SO,2022-03-31 18:00:16,9.4942,50.8122,80.96,81,13,11.54
69,Klaksvik,FO,2022-03-31 18:00:17,62.2266,-6.589,38.32,88,100,4.56
70,Kavieng,PG,2022-03-31 18:00:19,-2.5744,150.7967,81.68,77,100,13.94
71,Zakamensk,RU,2022-03-31 18:00:21,50.3741,103.2863,18.14,93,59,3.13
72,Kurchum,KZ,2022-03-31 18:00:22,48.5722,83.6542,30.9,55,40,7.47
73,Shimoda,JP,2022-03-31 18:00:23,34.6667,138.95,48.11,93,100,12.59
74,Great Yarmouth,GB,2022-03-31 18:00:24,52.6083,1.7305,41.25,49,88,30.24
75,Sao Joao Da Barra,BR,2022-03-31 18:00:25,-21.6403,-41.0511,81.9,73,11,9.51
76,Zapolyarnyy,RU,2022-03-31 18:00:25,69.4154,30.8136,22.28,91,100,4.81
77,Mataura,NZ,2022-03-31 18:00:26,-46.1927,168.8643,44.91,88,100,1.88
78,Khatanga,RU,2022-03-31 18:00:27,71.9667,102.5,-3.64,100,43,4.68
79,Pochutla,MX,2022-03-31 18:00:28,15.7432,-96.4661,85.82,29,67,11.01
80,Thompson,CA,2022-03-31 18:00:28,55.7435,-97.8558,31.82,90,99,6.64
81,Dno,RU,2022-03-31 18:00:29,57.8277,29.9637,22.75,85,72,2.37
82,Katsuura,JP,2022-03-31 18:00:29,35.1333,140.3,48.45,90,100,27.74
83,High Prairie,CA,2022-03-31 18:00:30,55.4334,-116.4858,35.71,79,52,13.47
84,Qaanaaq,GL,2022-03-31 18:00:30,77.484,-69.3632,22.41,70,53,4.83
85,Provideniya,RU,2022-03-31 18:00:31,64.3833,-173.3,18.32,84,100,19.42
86,Saint George,US,2022-03-31 17:56:40,37.1041,-113.5841,70.63,30,71,1.99
87,Castro,BR,2022-03-31 18:00:32,-24.7911,-50.0119,58.15,98,100,8.39
88,Cariati,IT,2022-03-31 18:00:32,39.4922,16.9594,58.73,89,28,7.54
89,Kupang,ID,2022-03-31 18:00:33,-10.1667,123.5833,76.3,84,6,6.4
90,Aksu,CN,2022-03-31 18:00:26,41.1231,80.2644,53.02,43,67,7.0
91,Pimentel,PE,2022-03-31 18:01:33,-6.8367,-79.9342,74.32,75,39,13.78
92,Bouar,CF,2022-03-31 18:01:34,5.934,15.596,80.98,35,87,2.24
93,Bethel,US,2022-03-31 18:01:34,41.3712,-73.414,62.69,80,100,10.36
94,Berlevag,NO,2022-03-31 18:01:34,70.8578,29.0864,26.55,63,75,12.66
95,Butaritari,KI,2022-03-31 18:01:35,3.0707,172.7902,80.65,79,64,12.82
96,Port Elizabeth,ZA,2022-03-31 18:01:36,-33.918,25.5701,67.1,83,100,4.0
97,Sao Filipe,CV,2022-03-31 18:01:36,14.8961,-24.4956,72.59,73,6,12.62
98,Wuxue,CN,2022-03-31 18:01:37,29.8506,115.5525,52.48,89,100,2.55
99,Port Hardy,CA,2022-03-31 18:00:19,50.6996,-127.4199,44.74,71,98,3.91
100,Kurume,JP,2022-03-31 18:01:37,33.3167,130.5167,52.97,62,100,9.35
101,Mahebourg,MU,2022-03-31 18:01:38,-20.4081,57.7,77.25,76,98,18.9
102,Peruibe,BR,2022-03-31 18:01:38,-24.32,-46.9983,68.79,92,98,10.71
103,Stepnyak,KZ,2022-03-31 18:01:39,52.8339,70.7803,29.7,84,100,15.75
104,Marivan,IR,2022-03-31 18:01:40,35.5219,46.176,53.71,50,2,3.15
105,Qaqortoq,GL,2022-03-31 18:01:40,60.7167,-46.0333,37.11,76,99,3.38
106,Bambous Virieux,MU,2022-03-31 18:01:41,-20.3428,57.7575,77.22,76,100,18.88
107,Lebu,CL,2022-03-31 18:01:41,-37.6167,-73.65,56.89,62,10,21.85
108,Wellington,NZ,2022-03-31 18:00:19,-41.2866,174.7756,62.06,93,100,11.5
109,Ostrovnoy,RU,2022-03-31 18:01:42,68.0531,39.5131,23.76,77,99,11.1
110,Mar Del Plata,AR,2022-03-31 17:59:11,-38.0023,-57.5575,62.62,80,40,13.0
111,Flinders,AU,2022-03-31 18:01:43,-34.5833,150.8552,58.17,88,100,8.99
112,Hermanus,ZA,2022-03-31 18:01:43,-34.4187,19.2345,64.8,73,65,8.46
113,Tazovskiy,RU,2022-03-31 17:57:43,67.4667,78.7,10.02,94,91,13.82
114,Jinchang,CN,2022-03-31 18:01:44,38.4953,102.1739,44.22,36,100,2.42
115,Vila,PT,2022-03-31 18:01:45,42.0304,-8.1588,47.28,87,99,5.19
116,Tasiilaq,GL,2022-03-31 18:01:45,65.6145,-37.6368,39.36,99,100,7.05
117,Moa,CU,2022-03-31 18:01:46,20.6569,-74.9403,83.16,64,30,15.97
118,Kidal,ML,2022-03-31 18:01:46,18.4411,1.4078,93.25,3,30,6.33
119,Benavente,ES,2022-03-31 18:01:47,42.0025,-5.6783,45.12,70,91,19.91
120,Constitucion,CL,2022-03-31 18:01:47,-35.3333,-72.4167,66.87,44,0,16.28
121,Avarua,CK,2022-03-31 18:01:47,-21.2078,-159.775,73.45,100,10,3.44
122,Marawi,PH,2022-03-31 18:01:48,7.9986,124.2928,67.71,96,97,0.72
123,Jalu,LY,2022-03-31 18:01:49,29.0331,21.5482,82.99,7,100,10.87
124,Ereymentau,KZ,2022-03-31 18:01:49,51.6199,73.1033,31.17,79,100,10.18
125,Teya,RU,2022-03-31 18:01:50,60.3778,92.6267,26.55,77,98,13.31
126,Puerto Palomas,MX,2022-03-31 18:01:50,31.7667,-107.6167,65.32,22,21,5.17
127,Port Blair,IN,2022-03-31 18:01:51,11.6667,92.75,81.28,76,18,4.34
128,Tuktoyaktuk,CA,2022-03-31 18:01:51,69.4541,-133.0374,-20.16,100,99,7.67
129,Vestmannaeyjar,IS,2022-03-31 18:01:52,63.4427,-20.2734,40.19,65,0,11.5
130,Cabo San Lucas,MX,2022-03-31 18:00:03,22.8909,-109.9124,81.61,53,88,3.0
131,Bluff,NZ,2022-03-31 18:01:52,-46.6,168.3333,48.81,63,100,10.36
132,West Fargo,US,2022-03-31 18:01:53,46.875,-96.9004,28.4,74,100,11.5
133,Barguzin,RU,2022-03-31 18:01:53,53.6167,109.6167,17.82,89,74,3.33
134,Peniche,PT,2022-03-31 18:01:54,39.3558,-9.3811,58.28,79,34,20.33
135,Georgetown,MY,2022-03-31 17:59:08,5.4112,100.3354,80.53,98,20,5.01
136,Nizwa,OM,2022-03-31 18:02:54,22.9333,57.5333,82.22,18,0,2.91
137,Hithadhoo,MV,2022-03-31 18:02:55,-0.6,73.0833,83.17,71,5,5.44
138,Ambon,ID,2022-03-31 18:00:20,-3.6954,128.1814,80.74,83,20,5.75
139,Falcoiu,RO,2022-03-31 18:02:55,44.2333,24.3667,61.34,70,100,7.09
140,Fatehpur,IN,2022-03-31 18:02:55,25.9333,80.8,85.75,13,0,5.73
141,Jumla,NP,2022-03-31 18:02:56,29.2747,82.1838,48.78,56,0,3.56
142,Beloha,MG,2022-03-31 18:02:56,-25.1667,45.05,72.86,80,0,15.46
143,Necochea,AR,2022-03-31 18:00:07,-38.5473,-58.7368,60.01,57,94,12.3
144,Umm Lajj,SA,2022-03-31 18:02:57,25.0213,37.2685,75.67,63,0,9.1
145,Camacha,PT,2022-03-31 18:02:57,33.0833,-16.3333,60.22,72,75,11.5
146,Coihaique,CL,2022-03-31 18:02:02,-45.5752,-72.0662,57.97,64,77,9.75
147,Carutapera,BR,2022-03-31 18:02:58,-1.195,-46.02,74.61,97,100,1.92
148,Lavrentiya,RU,2022-03-31 18:02:58,65.5833,-171.0,11.07,83,73,11.18
149,Cayenne,GF,2022-03-31 18:02:59,4.9333,-52.3333,84.24,10,75,13.8
150,Hasaki,JP,2022-03-31 18:02:59,35.7333,140.8333,43.2,93,100,30.2
151,Te Anau,NZ,2022-03-31 18:02:59,-45.4167,167.7167,47.19,88,100,4.79
152,San Cristobal,VE,2022-03-31 18:03:00,7.7669,-72.225,82.56,45,96,6.58
153,Half Moon Bay,US,2022-03-31 18:03:00,37.4636,-122.4286,62.91,75,0,12.66
154,Kharp,RU,2022-03-31 18:03:01,66.8014,65.8081,8.49,91,100,9.15
155,Semnan,IR,2022-03-31 18:03:01,35.5729,53.3971,62.53,37,81,5.44
156,Brae,GB,2022-03-31 18:03:02,60.3964,-1.353,39.33,64,91,17.31
157,Kahului,US,2022-03-31 18:03:03,20.8947,-156.47,76.84,85,8,10.0
158,Ghatsila,IN,2022-03-31 18:03:03,22.6,86.4833,81.32,70,5,3.38
159,Dikson,RU,2022-03-31 18:03:03,73.5069,80.5464,7.38,96,53,8.01
160,Karasjok,NO,2022-03-31 18:03:04,69.4719,25.5112,14.13,92,100,4.88
161,Tigil,RU,2022-03-31 18:03:04,57.8,158.6667,14.29,96,100,2.44
162,Fare,PF,2022-03-31 18:03:05,-16.7,-151.0167,81.9,66,12,13.2
163,Poso,ID,2022-03-31 18:03:05,-1.3959,120.7524,75.43,90,92,6.29
164,Tuatapere,NZ,2022-03-31 17:58:53,-46.1333,167.6833,47.57,87,100,3.74
165,Praya,CV,2022-03-31 18:03:06,14.9215,-23.5087,77.54,57,0,19.57
166,Nanortalik,GL,2022-03-31 18:03:06,60.1432,-45.2371,37.81,86,100,6.33
167,Kabanjahe,ID,2022-03-31 18:03:07,3.1001,98.4908,62.51,96,80,0.81
168,Superior,US,2022-03-31 18:03:07,46.7208,-92.1041,33.96,60,100,17.27
169,Cap Malheureux,MU,2022-03-31 18:01:12,-19.9842,57.6142,77.47,77,100,7.0
170,Ossora,RU,2022-03-31 18:03:08,59.2353,163.0719,3.31,86,89,6.46
171,Ahuimanu,US,2022-03-31 18:03:08,21.4447,-157.8378,76.78,80,53,5.01
172,Puerto Penasco,MX,2022-03-31 18:03:08,31.3167,-113.5333,68.92,63,0,7.0
173,Porto Velho,BR,2022-03-31 18:01:01,-8.7619,-63.9039,80.96,89,76,2.73
174,Smolyaninovo,RU,2022-03-31 18:03:09,43.2956,132.4675,31.46,47,44,7.63
175,Balingasay,PH,2022-03-31 18:03:09,16.3573,119.8564,82.76,73,19,6.87
176,Haines Junction,CA,2022-03-31 18:03:10,60.7522,-137.5108,25.21,87,75,2.46
177,Zhigansk,RU,2022-03-31 18:03:10,66.7697,123.3711,8.38,94,100,15.23
178,Buluang,PH,2022-03-31 18:03:11,13.3068,123.3425,75.42,94,11,3.11
179,Klyuchevsk,RU,2022-03-31 18:03:11,57.1216,60.9414,19.33,95,81,2.8
180,Skibbereen,IE,2022-03-31 18:03:12,51.55,-9.2667,47.1,57,25,16.84
181,Saint-Ambroise,CA,2022-03-31 18:03:12,48.5501,-71.3324,33.58,97,100,11.59
182,Leningradskiy,RU,2022-03-31 18:04:12,69.3833,178.4167,-6.23,93,97,1.1
183,Chuy,UY,2022-03-31 18:04:13,-33.6971,-53.4616,64.74,52,34,14.58
184,Bathsheba,BB,2022-03-31 18:04:13,13.2167,-59.5167,84.81,61,40,21.85
185,Mopti,ML,2022-03-31 18:04:14,14.6667,-4.0,101.07,5,57,5.1
186,Tura,IN,2022-03-31 18:04:14,25.5198,90.2201,70.32,87,57,4.52
187,Palu,ID,2022-03-31 18:04:15,-0.8917,119.8707,74.8,94,90,2.75
188,Saint-Joseph,RE,2022-03-31 18:04:16,-21.3667,55.6167,77.38,72,68,15.37
189,Faanui,PF,2022-03-31 18:04:16,-16.4833,-151.75,82.02,67,38,14.99
190,Hobart,AU,2022-03-31 18:00:09,-42.8794,147.3294,55.26,73,100,12.66
191,Muscat,OM,2022-03-31 18:02:24,23.6139,58.5922,81.3,45,0,3.36
192,Sisimiut,GL,2022-03-31 18:04:17,66.9395,-53.6735,22.33,88,49,5.41
193,Comodoro Rivadavia,AR,2022-03-31 18:04:17,-45.8667,-67.5,67.86,30,0,6.91
194,Ilheus,BR,2022-03-31 18:02:21,-14.7889,-39.0494,83.77,61,17,6.6
195,Santiago Del Estero,AR,2022-03-31 18:04:18,-27.7951,-64.2615,69.82,22,0,6.71
196,Tuni,IN,2022-03-31 18:04:18,17.35,82.55,79.95,89,11,6.2
197,Clyde River,CA,2022-03-31 18:04:19,70.4692,-68.5914,7.16,88,72,3.87
198,Nuevo Progreso,MX,2022-03-31 18:04:19,23.1667,-97.95,87.55,48,23,4.0
199,Sokoto,NG,2022-03-31 18:04:20,13.0609,5.239,90.82,6,38,6.8
200,Sur,OM,2022-03-31 18:04:20,22.5667,59.5289,81.0,42,0,4.59
201,Tandil,AR,2022-03-31 18:00:02,-37.3217,-59.1332,61.12,47,42,10.45
202,Ada,US,2022-03-31 18:04:21,43.4166,-116.1262,47.91,45,0,17.0
203,Ashcroft,CA,2022-03-31 18:04:21,50.7165,-121.2859,45.48,67,52,0.63
204,Jawhar,SO,2022-03-31 18:04:21,2.7809,45.5005,81.34,76,16,16.2
205,Ishigaki,JP,2022-03-31 18:04:22,24.3448,124.1572,69.39,86,57,33.29
206,Savannah Bight,HN,2022-03-31 18:04:22,16.45,-85.85,82.31,73,15,19.37
207,Balakhninskiy,RU,2022-03-31 18:04:23,58.0106,114.2769,12.07,98,97,2.37
208,Muros,ES,2022-03-31 18:04:23,42.7762,-9.0603,58.08,69,35,13.71
209,Sal Rei,CV,2022-03-31 18:04:24,16.1833,-22.9167,73.6,68,40,18.41
210,Chadan,RU,2022-03-31 18:04:24,51.2833,91.5833,15.4,87,74,2.64
211,Chunian,PK,2022-03-31 18:04:25,30.964,73.9803,75.04,12,0,8.66
212,Saint-Junien,FR,2022-03-31 18:04:25,45.8833,0.9,43.84,98,100,7.65
213,Do Gonbadan,IR,2022-03-31 18:04:26,30.3586,50.7981,72.88,19,0,3.71
214,Lianran,CN,2022-03-31 18:04:26,24.9227,102.485,49.95,85,98,6.51
215,Porto De Moz,BR,2022-03-31 18:04:26,-1.7483,-52.2383,74.93,90,100,0.65
216,Kasongo-Lunda,CD,2022-03-31 18:02:37,-6.4667,16.8167,72.73,97,85,1.99
217,Alto Araguaia,BR,2022-03-31 18:04:27,-17.3147,-53.2153,81.36,63,85,2.37
218,Leshukonskoye,RU,2022-03-31 18:04:28,64.8989,45.7622,17.17,97,97,1.86
219,Qianan,CN,2022-03-31 18:04:28,44.9932,124.0581,29.84,44,0,6.69
220,Baghdad,IQ,2022-03-31 18:04:28,33.3406,44.4009,73.31,23,0,5.75
221,Sabang,ID,2022-03-31 18:04:29,5.8933,95.3214,82.83,70,89,3.83
222,Erenhot,CN,2022-03-31 18:04:29,43.6475,111.9767,32.22,28,96,12.44
223,Mtwara,TZ,2022-03-31 18:04:30,-10.2667,40.1833,79.02,84,91,7.27
224,Murgab,TM,2022-03-31 18:04:30,37.4966,61.9714,66.63,20,2,7.07
225,Vila Do Maio,CV,2022-03-31 18:04:31,15.1333,-23.2167,77.79,77,12,17.34
226,Coromandel,BR,2022-03-31 18:04:31,-18.4733,-47.2003,75.61,68,49,5.17
227,Verkhoyansk,RU,2022-03-31 18:01:11,67.5447,133.385,-17.95,100,58,1.5
228,Puerto Baquerizo Moreno,EC,2022-03-31 18:04:32,-0.9,-89.6,79.79,89,75,3.44
229,Palmer,US,2022-03-31 18:04:32,42.1584,-72.3287,61.86,83,100,1.01
230,Lompoc,US,2022-03-31 18:05:33,34.6391,-120.4579,63.84,73,100,11.5
231,Pevek,RU,2022-03-31 18:05:33,69.7008,170.3133,-24.48,99,96,5.01
232,Bograd,RU,2022-03-31 18:05:34,54.2344,90.8328,34.12,80,100,6.04
233,Iqaluit,CA,2022-03-31 18:05:35,63.7506,-68.5145,27.7,92,98,5.99
234,Qesarya,IL,2022-03-31 18:05:35,32.5189,34.9046,64.33,63,100,10.47
235,Hualmay,PE,2022-03-31 18:05:36,-11.0964,-77.6139,74.88,72,43,10.27
236,Honiara,SB,2022-03-31 18:05:36,-9.4333,159.95,78.1,87,93,2.71
237,Touros,BR,2022-03-31 18:05:36,-5.1989,-35.4608,80.19,78,99,12.12
238,Ulladulla,AU,2022-03-31 18:05:37,-35.35,150.4667,58.77,83,95,22.97
239,Torbay,CA,2022-03-31 18:05:37,47.6666,-52.7314,41.29,75,52,13.0
240,Carnarvon,AU,2022-03-31 18:05:38,-24.8667,113.6333,71.67,100,40,12.66
241,Chapleau,CA,2022-03-31 18:05:38,47.8405,-83.4034,26.69,93,100,17.27
242,Poya,NC,2022-03-31 18:05:39,-21.35,165.15,76.68,90,5,2.3
243,Aviles,ES,2022-03-31 18:05:39,43.5547,-5.9248,54.79,78,75,6.91
244,Bagdarin,RU,2022-03-31 18:05:40,54.4333,113.6,11.91,88,72,4.34
245,Morros,BR,2022-03-31 18:05:40,-9.4467,-46.3003,84.76,54,100,1.07
246,Tiksi,RU,2022-03-31 18:05:41,71.6872,128.8694,0.57,99,100,5.64
247,Portland,US,2022-03-31 18:04:43,45.5234,-122.6762,52.45,69,75,6.91
248,Ochakiv,UA,2022-03-31 18:05:41,46.6128,31.5498,45.19,88,100,17.56
249,Sola,VU,2022-03-31 18:05:42,-13.8833,167.55,82.27,74,100,5.06
250,Mabaruma,GY,2022-03-31 18:05:42,8.2,-59.7833,80.35,82,99,5.95
251,Mount Isa,AU,2022-03-31 18:05:42,-20.7333,139.5,73.17,27,0,17.27
252,Tiznit,MA,2022-03-31 18:05:43,29.5833,-9.5,58.64,65,0,8.9
253,Ilulissat,GL,2022-03-31 18:05:43,69.2167,-51.1,19.42,86,100,3.44
254,Port Lincoln,AU,2022-03-31 18:05:44,-34.7333,135.8667,59.81,69,31,22.68
255,Wanning,CN,2022-03-31 18:05:44,18.8003,110.3967,74.66,95,100,6.67
256,Manoharpur,IN,2022-03-31 18:05:44,27.3,75.95,79.97,7,0,7.25
257,Kruisfontein,ZA,2022-03-31 18:05:45,-34.0033,24.7314,64.89,81,100,5.12
258,Gwadar,PK,2022-03-31 18:05:45,25.1216,62.3254,79.23,54,0,9.15
259,Pisco,PE,2022-03-31 18:05:46,-13.7,-76.2167,73.45,60,0,12.66
260,Aswan,EG,2022-03-31 18:05:46,24.0934,32.907,85.14,9,31,9.53
261,Yakeshi,CN,2022-03-31 18:05:46,49.2833,120.7333,-0.15,91,8,3.4
262,Karratha,AU,2022-03-31 18:05:47,-20.7377,116.8463,85.17,68,100,8.3
263,Moron,AR,2022-03-31 18:05:47,-34.6534,-58.6198,67.01,33,3,4.09
264,Fairbanks,US,2022-03-31 18:05:48,64.8378,-147.7164,15.98,43,40,6.91
265,Calama,CL,2022-03-31 18:05:48,-22.4667,-68.9333,73.42,15,0,15.73
266,Ambulu,ID,2022-03-31 18:05:48,-8.345,113.6058,75.6,92,49,3.13
267,Kanye,BW,2022-03-31 18:05:49,-24.9667,25.3327,68.31,36,26,6.44
268,Kodiak,US,2022-03-31 18:05:49,57.79,-152.4072,38.71,100,100,23.02
269,Baiyin,CN,2022-03-31 18:05:50,36.5583,104.2081,43.86,26,95,5.12
270,Drovyanaya,RU,2022-03-31 18:05:50,51.5833,113.0333,22.46,77,96,4.09
271,Kieta,PG,2022-03-31 18:05:50,-6.2167,155.6333,79.27,83,89,2.64
272,Freeport,US,2022-03-31 18:01:51,40.6576,-73.5832,66.18,79,100,29.93
273,Panguipulli,CL,2022-03-31 18:00:57,-39.6333,-72.3333,64.24,41,60,4.43
274,Qasigiannguit,GL,2022-03-31 18:05:51,68.8193,-51.1922,19.65,93,87,3.6
275,Kashan,IR,2022-03-31 18:05:51,33.9831,51.4364,65.21,43,59,7.34
276,Petukhovo,RU,2022-03-31 18:05:52,55.0692,67.9019,34.52,95,100,12.84
277,Henties Bay,NA,2022-03-31 18:05:52,-22.116,14.2845,63.73,81,0,10.65
278,Coquimbo,CL,2022-03-31 18:02:40,-29.9533,-71.3436,67.33,62,0,5.79
279,Port Macquarie,AU,2022-03-31 18:06:53,-31.4333,152.9167,61.9,82,80,18.99
280,Bolkhov,RU,2022-03-31 18:06:53,53.4433,36.0044,32.99,99,100,6.76
281,Sanghar,PK,2022-03-31 18:06:54,26.0466,68.9481,85.91,4,0,7.52
282,Djibo,BF,2022-03-31 18:06:54,14.1022,-1.6306,96.78,4,82,7.27
283,Canilla,GT,2022-03-31 18:06:55,15.1667,-90.85,88.75,28,39,6.02
284,Isangel,VU,2022-03-31 18:06:55,-19.55,169.2667,79.61,88,93,4.7
285,Grand-Santi,GF,2022-03-31 18:06:56,4.25,-54.3833,83.97,70,98,2.73
286,Cherskiy,RU,2022-03-31 18:06:56,68.75,161.3,-14.78,100,100,4.92
287,Khor,RU,2022-03-31 18:06:56,47.8861,134.9464,13.87,92,44,8.39
288,Naze,JP,2022-03-31 18:06:57,28.3667,129.4833,63.37,65,100,22.95
289,Buchanan,LR,2022-03-31 18:06:57,5.8808,-10.0467,83.28,75,60,8.84
290,San Jose De Ocoa,DO,2022-03-31 18:06:58,18.55,-70.5,84.9,45,21,9.46
291,Zaranj,AF,2022-03-31 18:06:58,30.9667,61.8833,70.16,10,1,0.4
292,Sorland,NO,2022-03-31 18:06:58,67.667,12.6934,31.86,57,100,13.44
293,Bara,NG,2022-03-31 18:06:59,10.3744,10.7288,89.37,7,58,7.61
294,Thap Than,TH,2022-03-31 18:06:59,15.4606,99.8917,87.71,47,40,4.14
295,Mwene-Ditu,CD,2022-03-31 18:07:00,-7.0,23.45,67.73,91,98,3.74
296,Gigmoto,PH,2022-03-31 18:07:00,13.7796,124.39,79.12,87,21,8.84
297,Ybycui,PY,2022-03-31 18:07:01,-26.0167,-57.05,69.13,31,35,11.48
298,Faya,SA,2022-03-31 18:07:01,18.3851,42.4509,63.12,41,0,8.28
299,Willowmore,ZA,2022-03-31 18:07:01,-33.2926,23.4895,60.94,75,43,9.13
300,Luderitz,NA,2022-03-31 18:07:02,-26.6481,15.1594,64.76,69,0,23.35
301,Husavik,IS,2022-03-31 18:07:02,66.0449,-17.3389,34.77,98,100,3.0
302,Olafsvik,IS,2022-03-31 18:07:03,64.8945,-23.7142,39.6,81,97,7.07
303,Vila Franca Do Campo,PT,2022-03-31 18:07:03,37.7167,-25.4333,63.01,82,99,4.36
304,Dunedin,NZ,2022-03-31 18:02:46,-45.8742,170.5036,52.81,64,100,7.0
305,Nome,US,2022-03-31 18:07:04,64.5011,-165.4064,26.67,54,100,17.27
306,Gardez,AF,2022-03-31 18:07:04,33.5974,69.2259,53.11,17,0,1.7
307,Saurimo,AO,2022-03-31 18:07:05,-9.6608,20.3916,68.34,90,76,3.78
308,Yar-Sale,RU,2022-03-31 18:07:07,66.8333,70.8333,15.84,78,100,20.45
309,Makasar,ID,2022-03-31 18:07:07,-5.14,119.4221,75.25,100,20,2.3
310,Hearst,CA,2022-03-31 18:07:08,49.6835,-83.6665,26.85,95,100,14.0
311,Waipawa,NZ,2022-03-31 18:07:08,-41.4122,175.5153,54.14,94,90,5.17
312,Sirhind,IN,2022-03-31 18:03:17,30.6456,76.3825,76.39,11,0,6.24
313,Benguela,AO,2022-03-31 18:07:09,-12.5763,13.4055,77.77,83,91,6.76
314,Salekhard,RU,2022-03-31 18:07:09,66.53,66.6019,12.99,80,100,15.5
315,Kigoma,TZ,2022-03-31 18:05:30,-4.8769,29.6267,73.96,82,82,5.68
316,Fernie,CA,2022-03-31 18:07:10,49.5,-115.0687,38.37,70,100,5.19
317,Tezu,IN,2022-03-31 18:07:10,27.9167,96.1667,69.06,84,100,2.1
318,Nguruka,TZ,2022-03-31 18:07:11,-5.1092,31.0419,66.33,96,97,4.23
319,Geraldton,AU,2022-03-31 18:07:11,-28.7667,114.6,75.61,78,40,9.22
320,Ngunguru,NZ,2022-03-31 18:07:12,-35.6167,174.5,62.22,87,64,5.1
321,Madera,US,2022-03-31 18:07:12,37.1666,-119.8343,65.88,80,88,1.01
322,Paamiut,GL,2022-03-31 18:07:13,61.994,-49.6678,34.9,96,94,3.44
323,Barcelos,PT,2022-03-31 18:07:13,41.5388,-8.6151,55.92,77,60,11.97
324,Baykit,RU,2022-03-31 18:07:13,61.67,96.37,27.61,90,86,13.06
325,Rawson,AR,2022-03-31 18:08:14,-43.3002,-65.1023,70.3,25,67,8.43
326,Antalaha,MG,2022-03-31 18:08:15,-14.9003,50.2788,74.52,91,99,9.01
327,Talcahuano,CL,2022-03-31 18:08:15,-36.7167,-73.1167,59.36,55,1,12.37
328,Milkovo,RU,2022-03-31 18:08:16,54.7167,158.6167,13.37,97,99,3.06
329,Yeppoon,AU,2022-03-31 18:08:16,-23.1333,150.7333,73.18,78,0,6.8
330,Cajamarca,PE,2022-03-31 18:08:16,-7.1638,-78.5003,64.47,63,75,6.91
331,Asau,RO,2022-03-31 18:08:17,46.4333,26.4,61.72,59,100,5.35
332,Atambua,ID,2022-03-31 18:08:17,-9.1061,124.8925,71.2,87,2,4.03
333,Mpika,ZM,2022-03-31 18:08:18,-11.8343,31.4529,61.5,99,58,3.69
334,Cairns,AU,2022-03-31 18:08:19,-16.9167,145.7667,69.06,83,12,0.0
335,Longyearbyen,SJ,2022-03-31 18:08:19,78.2186,15.6401,10.24,79,75,5.75
336,Raton,US,2022-03-31 18:06:56,36.9034,-104.4391,52.14,72,0,3.44
337,Songea,TZ,2022-03-31 18:08:21,-10.6833,35.65,63.95,98,71,3.02
338,Kargil,IN,2022-03-31 18:08:21,34.5667,76.1,23.5,72,2,4.0
339,Yulara,AU,2022-03-31 18:08:22,-25.2406,130.9889,64.24,36,71,10.36
340,Bengkulu,ID,2022-03-31 18:08:22,-3.8004,102.2655,76.28,81,92,4.5
341,Matagami,CA,2022-03-31 18:08:23,49.7502,-77.6328,33.91,93,100,8.05
342,Tual,ID,2022-03-31 18:07:20,-5.6667,132.75,82.71,69,98,4.18
343,Marienburg,PL,2022-03-31 18:08:23,54.0359,19.0266,37.89,49,98,10.38
344,Novoagansk,RU,2022-03-31 18:08:24,61.9449,76.6625,15.98,91,57,10.25
345,Krasnoselkup,RU,2022-03-31 18:08:24,65.7,82.4667,14.54,90,100,20.15
346,Namatanai,PG,2022-03-31 18:08:25,-3.6667,152.4333,79.16,81,59,5.32
347,Muhos,FI,2022-03-31 18:08:25,64.808,25.9931,22.78,97,100,3.0
348,Billings,US,2022-03-31 18:06:48,45.7833,-108.5007,48.51,59,75,18.41
349,The Valley,AI,2022-03-31 18:07:30,18.217,-63.0578,82.54,61,20,20.71
350,Laureles,US,2022-03-31 18:08:26,26.1092,-97.4941,86.02,58,0,16.11
351,Nemuro,JP,2022-03-31 18:08:26,43.3236,145.575,30.38,81,100,11.72
352,Itoman,JP,2022-03-31 18:08:27,26.1247,127.6694,68.02,83,75,26.46
353,Kaeo,NZ,2022-03-31 18:08:27,-35.1,173.7833,60.33,96,69,2.44
354,Komsomolskiy,UZ,2022-03-31 18:08:28,40.4272,71.7189,52.52,66,0,2.3
355,Campobello Di Mazara,IT,2022-03-31 18:08:28,37.6358,12.7443,57.85,82,60,6.2
356,Moranbah,AU,2022-03-31 18:08:29,-22.0016,148.0466,71.62,53,2,9.82
357,Kismayo,SO,2022-03-31 18:08:29,-0.3582,42.5454,81.03,83,56,8.03
358,Aitape,PG,2022-03-31 18:08:30,-3.1374,142.3475,77.61,90,100,6.35
359,Souillac,MU,2022-03-31 18:08:30,-20.5167,57.5167,77.58,78,90,18.12
360,Shiringushi,RU,2022-03-31 18:08:31,53.8485,42.7676,32.95,99,100,7.74
361,Grajau,BR,2022-03-31 18:08:31,-5.8194,-46.1386,80.15,86,96,3.18
362,Srednekolymsk,RU,2022-03-31 18:08:32,67.45,153.6833,-10.89,100,99,0.89
363,Shirvan,AZ,2022-03-31 18:08:32,39.9509,48.8994,52.84,60,0,12.93
364,Guerrero Negro,MX,2022-03-31 18:07:37,27.9769,-114.0611,64.47,62,96,15.46
365,Chaman,PK,2022-03-31 18:08:33,30.9236,66.4512,64.42,17,0,2.04
366,Ogbomosho,NG,2022-03-31 18:08:33,8.133,4.25,91.36,35,84,11.95
367,Varzea Da Palma,BR,2022-03-31 18:08:34,-17.5981,-44.7308,95.49,27,6,1.43
368,Lujan,AR,2022-03-31 18:09:34,-34.5703,-59.105,66.02,37,16,1.01
369,Zheleznodorozhnyy,RU,2022-03-31 18:09:34,55.7503,38.0042,32.61,99,100,2.06
370,Oudtshoorn,ZA,2022-03-31 18:09:35,-33.5907,22.2014,62.26,77,60,8.34
371,Nelson Bay,AU,2022-03-31 18:09:35,-32.7167,152.15,60.1,90,91,27.76
372,Puerto Carreno,CO,2022-03-31 18:09:12,6.189,-67.4859,101.01,22,22,2.1
373,Mumford,GH,2022-03-31 18:09:36,5.2618,-0.759,82.83,81,78,12.62
374,Lagoa,PT,2022-03-31 18:09:36,39.05,-27.9833,61.68,85,90,4.7
375,Tahta,EG,2022-03-31 18:09:37,26.7693,31.5021,81.73,6,91,7.49
376,San Pedro,PH,2022-03-31 18:09:37,14.35,121.0167,82.35,75,14,7.83
377,Cochrane,CA,2022-03-31 18:09:37,51.1834,-114.4687,42.49,33,96,3.31
378,Kintampo,GH,2022-03-31 18:09:38,8.0563,-1.7306,90.34,39,88,4.23
379,Shelburne,CA,2022-03-31 18:09:38,44.0787,-80.2041,58.91,76,47,26.35
380,Ordu,TR,2022-03-31 18:09:39,40.9086,37.6845,45.1,73,85,10.18
381,Saijo,JP,2022-03-31 18:09:39,33.9167,133.1833,51.49,84,100,14.79
382,Banatski Karlovac,RS,2022-03-31 18:09:40,45.0472,21.0161,59.86,78,100,5.57
383,Rodrigues Alves,BR,2022-03-31 18:09:40,-7.738,-72.6509,85.71,69,72,3.0
384,Akyab,MM,2022-03-31 18:09:41,20.15,92.9,79.88,86,65,5.77
385,Rosetta,EG,2022-03-31 18:09:41,31.4044,30.4164,61.03,66,18,15.08
386,Chhapar,IN,2022-03-31 18:09:41,27.8167,74.4,83.43,7,0,8.72
387,Umarkot,PK,2022-03-31 18:09:42,25.3616,69.7362,84.33,21,0,7.47
388,Taltal,CL,2022-03-31 18:09:42,-25.4,-70.4833,67.23,66,11,5.3
389,Barreirinha,BR,2022-03-31 18:09:43,-2.7933,-57.07,82.47,75,100,0.6
390,Samandag,TR,2022-03-31 18:09:43,36.0842,35.9771,61.32,62,62,3.47
391,Ola,RU,2022-03-31 18:09:02,59.5833,151.2833,-4.86,84,78,9.13
392,Poncitlan,MX,2022-03-31 18:09:44,20.3667,-102.9167,78.71,20,6,4.27
393,Florence,IT,2022-03-31 18:09:44,43.7667,11.25,53.74,93,100,2.3
394,Atar,MR,2022-03-31 18:09:44,20.5169,-13.0499,90.55,12,29,10.98
395,Presidente Epitacio,BR,2022-03-31 18:09:45,-21.7633,-52.1156,85.55,54,71,9.42
396,Oxelosund,SE,2022-03-31 18:09:45,58.6706,17.1015,32.38,55,0,4.61
397,Ostersund,SE,2022-03-31 18:09:46,63.1792,14.6357,25.61,80,0,4.61
398,Hobyo,SO,2022-03-31 18:09:46,5.3505,48.5268,82.81,73,6,15.01
399,Shenjiamen,CN,2022-03-31 18:09:47,29.9576,122.298,50.31,73,100,21.74
400,Sokoni,TZ,2022-03-31 18:09:47,-6.4333,39.55,82.04,77,47,12.48
401,Nogliki,RU,2022-03-31 18:09:47,51.8333,143.1667,6.08,90,11,6.78
402,Vila Velha,BR,2022-03-31 18:09:48,-20.3297,-40.2925,87.75,71,20,14.97
403,Labuhan,ID,2022-03-31 18:09:48,-6.8844,112.2051,79.03,82,73,2.59
404,Darhan,MN,2022-03-31 18:09:49,49.4867,105.9228,30.43,47,62,2.37
405,Madison Heights,US,2022-03-31 18:09:49,42.4859,-83.1052,47.21,70,100,18.41
406,Port Hedland,AU,2022-03-31 18:09:50,-20.3167,118.5667,80.65,83,97,5.75
407,Druzhba,UA,2022-03-31 18:09:50,52.0428,33.9453,38.26,98,100,6.08
408,Miri,MY,2022-03-31 18:09:50,4.4148,114.0089,77.11,87,98,3.38
409,Yumen,CN,2022-03-31 18:09:51,40.2833,97.2,37.67,22,0,8.12
410,Gouyave,GD,2022-03-31 18:09:51,12.1646,-61.7296,83.17,65,20,17.27
411,Teguise,ES,2022-03-31 18:09:52,29.0605,-13.564,66.42,60,20,19.57
412,Nandgaon,IN,2022-03-31 18:09:52,20.3167,74.65,84.7,14,0,11.39
413,Keti Bandar,PK,2022-03-31 18:09:52,24.1447,67.4497,80.37,57,0,9.01
414,Magistralnyy,RU,2022-03-31 18:09:53,56.1725,107.4458,27.23,87,86,7.14
415,Vanavara,RU,2022-03-31 18:09:28,60.34,102.2797,31.6,92,100,15.5
416,Puerto Madryn,AR,2022-03-31 18:10:53,-42.7692,-65.0385,70.61,22,56,3.42
417,Ariquemes,BR,2022-03-31 18:10:54,-9.9133,-63.0408,80.31,90,81,2.04
418,Pucallpa,PE,2022-03-31 18:10:54,-8.3791,-74.5539,87.84,62,40,9.22
419,La Ronge,CA,2022-03-31 18:10:55,55.1001,-105.2842,33.44,86,100,7.65
420,Mbulu,TZ,2022-03-31 18:10:55,-3.85,35.5333,59.95,85,91,6.53
421,Vangaindrano,MG,2022-03-31 18:10:55,-23.35,47.6,72.32,84,27,6.06
422,Pondicherry,IN,2022-03-31 18:10:56,11.93,79.83,81.81,88,6,14.83
423,Ternate,ID,2022-03-31 18:10:56,0.8,127.4,80.46,80,100,7.02
424,Tomatlan,MX,2022-03-31 18:10:57,19.9333,-105.25,87.06,26,17,8.12
425,Vardo,NO,2022-03-31 18:10:57,70.3705,31.1107,24.78,74,40,19.57
426,Narkevychi,UA,2022-03-31 18:10:58,49.5172,26.6418,51.1,78,100,12.12
427,Mahon,ES,2022-03-31 18:09:43,39.8885,4.2658,50.56,87,75,1.14
428,Kargasok,RU,2022-03-31 18:10:58,59.0556,80.8572,26.64,89,99,6.15
429,Najran,SA,2022-03-31 18:10:59,17.4924,44.1277,68.34,15,0,5.08
430,Tupik,RU,2022-03-31 18:10:59,54.4253,119.9327,2.48,97,76,3.04
431,Chumikan,RU,2022-03-31 18:11:00,54.7183,135.315,3.7,87,69,7.18
432,Petrovsk-Zabaykalskiy,RU,2022-03-31 18:11:00,51.273,108.843,11.75,96,66,2.84
433,Sorong,ID,2022-03-31 18:11:02,-0.8833,131.25,77.63,88,100,4.79
434,San Buenaventura,MX,2022-03-31 18:11:02,27.0833,-101.5333,79.72,18,0,0.0
435,Lakatoro,VU,2022-03-31 18:11:03,-16.0999,167.4164,80.64,85,95,4.09
436,Yerbogachen,RU,2022-03-31 18:11:03,61.2767,108.0108,25.48,92,59,11.86
437,Tabou,CI,2022-03-31 18:11:04,4.423,-7.3528,82.89,76,53,7.81
438,Alindao,CF,2022-03-31 18:11:04,5.0267,21.2088,89.42,31,76,3.4
439,Salym,RU,2022-03-31 18:11:05,60.0625,71.4789,21.34,96,100,5.59
440,Lethbridge,CA,2022-03-31 18:08:01,49.7,-112.8186,35.71,75,75,5.75
441,Xichang,CN,2022-03-31 18:11:05,27.8964,102.2634,44.42,93,100,5.48
442,Hvide Sande,DK,2022-03-31 18:11:06,56.0045,8.1294,38.08,60,88,19.24
443,Anshun,CN,2022-03-31 18:11:06,26.25,105.9333,43.72,89,100,14.25
444,Dibulla,CO,2022-03-31 18:11:07,11.2725,-73.3091,88.21,56,97,11.61
445,Beringovskiy,RU,2022-03-31 18:11:07,63.05,179.3167,4.77,92,100,21.56
446,Sarkand,KZ,2022-03-31 18:11:08,45.41,79.9186,46.08,42,3,6.44
447,Challans,FR,2022-03-31 18:11:08,46.8436,-1.8749,43.0,75,97,20.69
448,Pierre,US,2022-03-31 18:11:09,44.3683,-100.351,36.86,61,0,3.0
449,Bardiyah,LY,2022-03-31 18:11:09,31.7561,25.0865,70.99,40,46,7.0
450,Oranjestad,AW,2022-03-31 18:11:10,12.524,-70.027,78.39,81,87,21.99
451,Lazaro Cardenas,MX,2022-03-31 18:11:10,17.9583,-102.2,80.65,56,13,8.99
452,Riyadh,SA,2022-03-31 18:06:25,24.6877,46.7219,82.54,10,0,6.51
453,Nalut,LY,2022-03-31 18:11:11,30.3333,10.85,71.29,21,3,15.93
454,Ust-Kulom,RU,2022-03-31 18:11:11,61.6864,53.6902,23.54,88,100,8.23
455,Gat,IL,2022-03-31 18:11:12,31.61,34.7642,72.39,61,98,4.0
456,Katobu,ID,2022-03-31 18:11:12,-4.9408,122.5276,75.33,93,90,2.19
457,Ahipara,NZ,2022-03-31 18:12:13,-35.1667,173.1667,61.12,90,63,2.82
458,Alofi,NU,2022-03-31 18:10:25,-19.0595,-169.9187,80.83,77,45,10.96
459,Mana,GF,2022-03-31 18:12:14,5.6592,-53.7767,80.65,71,91,10.11
460,Atchison,US,2022-03-31 18:12:15,39.563,-95.1216,35.31,81,100,13.69
461,Kijang,KR,2022-03-31 18:12:15,35.2442,129.2139,47.52,65,100,14.54
462,Pemangkat,ID,2022-03-31 18:07:21,1.1667,108.9667,80.92,77,90,5.17
463,Ponta Delgada,PT,2022-03-31 18:12:16,37.7333,-25.6667,63.32,88,75,9.22
464,Cattolica,IT,2022-03-31 18:12:16,43.9575,12.7376,51.89,94,75,3.44
465,Mattru,SL,2022-03-31 18:12:17,7.6244,-11.8332,89.22,55,58,9.19
466,General Pico,AR,2022-03-31 18:12:18,-35.6566,-63.7568,67.71,20,23,3.44
467,Hovd,MN,2022-03-31 18:12:18,48.0056,91.6419,29.73,32,0,0.51
468,Aklavik,CA,2022-03-31 18:12:19,68.2191,-135.0107,-15.41,88,41,6.96
469,Aguimes,ES,2022-03-31 18:12:21,27.9054,-15.4461,65.66,60,20,20.71
470,Tilichiki,RU,2022-03-31 18:12:21,60.4667,166.1,-6.47,96,35,9.1
471,Lorengau,PG,2022-03-31 18:12:22,-2.0226,147.2712,80.06,84,100,17.25
472,Bozoum,CF,2022-03-31 18:12:23,6.3193,16.3799,85.78,31,74,0.89
473,La Tuque,CA,2022-03-31 18:12:23,47.4334,-72.7824,35.85,93,100,8.05
474,Belmonte,BR,2022-03-31 18:12:24,-15.8631,-38.8828,83.46,63,20,7.58
475,Pontianak,ID,2022-03-31 18:11:08,-0.0333,109.3333,76.98,94,20,0.0
476,Keuruu,FI,2022-03-31 18:12:24,62.2667,24.7,25.81,94,100,6.02
477,Laguna,US,2022-03-31 18:10:51,38.421,-121.4238,63.05,64,0,5.75
478,Salas,ES,2022-03-31 18:12:25,43.4118,-6.2602,51.37,96,100,6.46
479,Lubumbashi,CD,2022-03-31 18:07:59,-11.6609,27.4794,63.07,98,36,3.96
480,Yinchuan,CN,2022-03-31 18:12:26,38.4681,106.2731,50.16,14,1,5.08
481,Kirakira,SB,2022-03-31 18:12:26,-10.4544,161.9205,79.36,85,100,3.06
482,Tyukalinsk,RU,2022-03-31 18:12:27,55.8732,72.1967,34.18,96,100,17.22
483,Yenagoa,NG,2022-03-31 18:12:27,4.9247,6.2642,83.66,73,64,10.07
484,Quesnel,CA,2022-03-31 18:12:27,52.9999,-122.5029,45.63,47,46,2.37
485,Nenjiang,CN,2022-03-31 18:12:28,49.1833,125.2167,27.07,62,9,4.99
486,Bima,ID,2022-03-31 18:12:28,-8.4667,118.7167,75.18,92,49,2.48
487,Mirnyy,RU,2022-03-31 18:08:58,62.5353,113.9611,28.24,58,99,7.0
488,Amapa,BR,2022-03-31 18:12:29,1.0,-52.0,72.46,99,98,1.74
489,Mwinilunga,ZM,2022-03-31 18:12:30,-11.7358,24.4293,63.45,98,52,4.92
490,Le Vauclin,MQ,2022-03-31 18:12:30,14.5452,-60.8388,78.85,78,75,23.02
491,Caravelas,BR,2022-03-31 18:12:30,-17.7125,-39.2481,85.44,57,1,9.46
492,Dawson Creek,CA,2022-03-31 18:12:31,55.7666,-120.2362,40.75,44,6,8.7
493,Alice Springs,AU,2022-03-31 18:12:31,-23.7,133.8833,53.15,62,30,6.91
494,Grindavik,IS,2022-03-31 18:12:32,63.8424,-22.4338,43.27,65,75,5.75
495,Coruripe,BR,2022-03-31 18:12:32,-10.1256,-36.1756,82.81,68,87,8.68
496,Preili,LV,2022-03-31 18:12:33,56.2944,26.7246,27.54,44,21,4.07
497,Olga,RU,2022-03-31 18:12:33,43.7444,135.2892,29.97,61,19,5.97
498,Eyl,SO,2022-03-31 18:12:34,7.9803,49.8164,80.67,81,10,14.5
499,Dutlwe,BW,2022-03-31 18:12:34,-23.9833,23.9,76.32,32,14,7.78
500,Mao,ES,2022-03-31 18:09:43,39.8885,4.2658,50.56,87,75,1.14
501,Glace Bay,CA,2022-03-31 18:12:35,46.1969,-59.957,43.9,62,75,14.97
502,Council Bluffs,US,2022-03-31 18:08:30,41.2619,-95.8608,32.72,69,100,13.8
503,Chaozhou,CN,2022-03-31 18:13:36,23.6651,116.6379,67.35,89,58,6.15
504,Quatre Cocos,MU,2022-03-31 18:13:36,-20.2078,57.7625,78.91,76,100,19.39
505,Kamphaeng Phet,TH,2022-03-31 18:13:37,16.25,99.5,85.15,46,52,2.44
506,Vyazma,RU,2022-03-31 18:13:37,55.2104,34.2951,31.5,99,100,2.84
507,North Bend,US,2022-03-31 18:13:38,43.4065,-124.2243,52.25,80,100,11.5
508,Ta Khmau,KH,2022-03-31 18:13:38,11.4833,104.95,78.85,89,40,0.0
509,Mahibadhoo,MV,2022-03-31 18:13:39,3.7833,72.9667,83.43,68,7,0.13
510,Iisalmi,FI,2022-03-31 18:13:39,63.5592,27.1907,12.87,95,85,2.51
511,Cururupu,BR,2022-03-31 18:13:39,-1.8283,-44.8683,75.38,94,100,2.68
512,Ust-Maya,RU,2022-03-31 18:13:40,60.4167,134.5333,-11.65,100,59,2.24
513,Antigonish,CA,2022-03-31 18:09:06,45.6169,-61.9986,47.14,46,100,8.01
514,Port-Cartier,CA,2022-03-31 18:13:41,50.0334,-66.8654,34.75,92,100,3.22
515,Grand Gaube,MU,2022-03-31 18:13:41,-20.0064,57.6608,79.2,76,100,8.01
516,Bismarck,US,2022-03-31 18:09:34,46.8083,-100.7837,41.65,53,0,5.75
517,Miraflores,MX,2022-03-31 18:13:42,19.2167,-98.8083,81.25,9,4,6.96
518,Avera,US,2022-03-31 18:13:42,33.194,-82.5271,70.56,74,98,12.66
519,Honavar,IN,2022-03-31 18:13:43,14.2833,74.45,79.61,83,33,4.9
520,Nefteyugansk,RU,2022-03-31 18:13:43,61.0998,72.6035,12.58,93,69,9.89
521,Mahabad,IR,2022-03-31 18:13:44,36.7631,45.7222,50.49,48,23,2.21
522,Belaya Gora,RU,2022-03-31 18:12:24,68.5333,146.4167,-26.43,100,96,1.39
523,Batagay,RU,2022-03-31 18:13:44,67.6333,134.6333,-14.48,100,52,4.21
524,Dhadar,IN,2022-03-31 18:13:45,28.3305,75.0632,81.91,7,0,9.26
525,Victoria,HK,2022-03-31 18:12:14,22.2855,114.1577,75.18,84,32,15.99
526,Casablanca,MA,2022-03-31 18:13:08,33.5928,-7.6192,62.94,65,75,9.22
527,Kotma,IN,2022-03-31 18:13:46,23.2,81.9667,79.65,13,1,2.21
528,Boras,SE,2022-03-31 18:13:46,57.721,12.9401,33.89,51,73,4.63
529,Nakambala,ZM,2022-03-31 18:13:46,-15.8324,27.7799,65.48,86,70,5.64
530,Soe,ID,2022-03-31 18:13:47,-9.8607,124.284,63.36,86,3,3.8
531,Rocha,UY,2022-03-31 18:13:47,-34.4833,-54.3333,58.87,69,85,11.56
532,Hamilton,US,2022-03-31 18:11:54,39.1834,-84.5333,47.88,72,100,17.27
533,Uglich,RU,2022-03-31 18:13:48,57.5275,38.3317,26.98,97,100,4.68
534,Porto Belo,BR,2022-03-31 18:13:48,-27.1578,-48.5531,69.17,86,100,10.2
535,Vlasikha,RU,2022-03-31 18:13:49,53.2972,83.5742,36.45,69,0,11.18
536,Tarabuco,BO,2022-03-31 18:13:49,-19.1667,-64.9167,49.69,73,100,6.13
537,Plettenberg Bay,ZA,2022-03-31 18:13:50,-34.0527,23.3716,63.37,81,94,2.68
538,Mashhad,IR,2022-03-31 18:11:41,36.297,59.6062,60.94,36,0,6.91
539,Andenes,NO,2022-03-31 18:13:50,69.3143,16.1194,28.92,86,40,4.61
540,Bilibino,RU,2022-03-31 18:13:50,68.0546,166.4372,-20.56,97,73,2.13
541,Mayo,US,2022-03-31 18:13:51,38.8876,-76.5119,73.81,77,100,19.57
542,Makakilo City,US,2022-03-31 18:11:47,21.3469,-158.0858,75.52,73,0,9.22
